Date,Open,High,Low,Close,Adj Close,Volume
8/05/2014,4053,4109,4040,4052,4052,2411940000
9/05/2014,4043,4072,4025,4072,4072,1976160000
12/05/2014,4093,4147,4092,4144,4144,1880020000
13/05/2014,4145,4155,4128,4130,4130,1923480000
14/05/2014,4122,4132,4094,4101,4101,1764430000
15/05/2014,4097,4098,4036,4069,4069,2083030000
16/05/2014,4070,4091,4044,4091,4091,1741070000
19/05/2014,4080,4128,4076,4126,4126,1601400000
20/05/2014,4121,4125,4081,4097,4097,1797910000
21/05/2014,4106,4134,4104,4132,4132,1703500000
22/05/2014,4136,4165,4131,4154,4154,1835810000
23/05/2014,4160,4187,4148,4186,4186,1536610000
27/05/2014,4206,4237,4205,4237,4237,1812330000
28/05/2014,4235,4238,4217,4225,4225,1785140000
29/05/2014,4238,4248,4229,4248,4248,1714000000
30/05/2014,4251,4252,4222,4243,4243,1903660000
2/06/2014,4248,4248,4208,4237,4237,1631310000
3/06/2014,4222,4240,4216,4234,4234,1718640000
4/06/2014,4222,4256,4216,4252,4252,1610090000
5/06/2014,4259,4300,4242,4296,4296,1926750000
6/06/2014,4313,4323,4306,4321,4321,1616650000
9/06/2014,4324,4347,4320,4336,4336,1783060000
10/06/2014,4329,4339,4320,4338,4338,1787120000
11/06/2014,4323,4338,4315,4332,4332,1778460000
12/06/2014,4323,4328,4285,4298,4298,1908190000
13/06/2014,4315,4318,4288,4311,4311,1754560000
16/06/2014,4304,4327,4296,4321,4321,1675120000
17/06/2014,4316,4346,4311,4337,4337,1814360000
18/06/2014,4341,4365,4321,4363,4363,1860660000
19/06/2014,4370,4372,4340,4359,4359,1845460000
20/06/2014,4365,4369,4354,4368,4368,2721380000
23/06/2014,4369,4372,4359,4369,4369,1712930000
24/06/2014,4368,4400,4343,4350,4350,2014700000
25/06/2014,4342,4384,4339,4380,4380,1722820000
26/06/2014,4379,4380,4347,4379,4379,1554070000
27/06/2014,4372,4399,4372,4398,4398,3964930000
30/06/2014,4398,4417,4397,4408,4408,1848110000
1/07/2014,4425,4472,4424,4459,4459,1942550000
2/07/2014,4458,4467,4451,4458,4458,1599480000
3/07/2014,4473,4486,4464,4486,4486,1001730000
7/07/2014,4478,4478,4448,4452,4452,1691390000
8/07/2014,4443,4444,4372,4391,4391,2221820000
9/07/2014,4403,4422,4388,4419,4419,1736960000
10/07/2014,4352,4416,4351,4396,4396,1682920000
11/07/2014,4401,4417,4389,4415,4415,1511250000
14/07/2014,4441,4452,4433,4440,4440,1579660000
15/07/2014,4445,4452,4390,4416,4416,1772030000
16/07/2014,4446,4449,4420,4426,4426,2059340000
17/07/2014,4412,4425,4352,4363,4363,2055240000
18/07/2014,4380,4434,4378,4432,4432,1823580000
21/07/2014,4421,4432,4405,4425,4425,1557820000
22/07/2014,4445,4464,4443,4456,4456,1724440000
23/07/2014,4468,4481,4458,4474,4474,1909810000
24/07/2014,4482,4486,4466,4472,4472,1935090000
25/07/2014,4448,4458,4430,4450,4450,1711430000
28/07/2014,4451,4455,4414,4445,4445,1783250000
29/07/2014,4456,4471,4441,4443,4443,2090810000
30/07/2014,4468,4476,4445,4463,4463,1872430000
31/07/2014,4421,4431,4367,4370,4370,2273380000
1/08/2014,4363,4385,4324,4353,4353,2050340000
4/08/2014,4366,4395,4343,4384,4384,1677400000
5/08/2014,4365,4383,4334,4353,4353,1916180000
6/08/2014,4326,4379,4325,4355,4355,1819310000
7/08/2014,4373,4380,4322,4335,4335,1866330000
8/08/2014,4341,4373,4328,4371,4371,1759060000
11/08/2014,4387,4416,4384,4401,4401,1537880000
12/08/2014,4395,4407,4372,4389,4389,1560220000
13/08/2014,4408,4434,4404,4434,4434,1611690000
14/08/2014,4438,4453,4434,4453,4453,1549820000
15/08/2014,4480,4482,4427,4465,4465,1799460000
18/08/2014,4491,4509,4486,4508,4508,1571100000
19/08/2014,4514,4529,4514,4528,4528,1556560000
20/08/2014,4518,4533,4516,4526,4526,1502290000
21/08/2014,4527,4534,4514,4532,4532,1421730000
22/08/2014,4535,4547,4522,4539,4539,1311810000
25/08/2014,4564,4571,4548,4557,4557,1384620000
26/08/2014,4564,4576,4557,4571,4571,1469620000
27/08/2014,4574,4576,4562,4570,4570,1389470000
28/08/2014,4553,4566,4547,4558,4558,1309580000
29/08/2014,4572,4580,4554,4580,4580,1352830000
2/09/2014,4592,4599,4577,4598,4598,1859080000
3/09/2014,4610,4610,4565,4573,4573,1897450000
4/09/2014,4582,4603,4553,4562,4562,1728700000
5/09/2014,4561,4583,4543,4583,4583,1641830000
8/09/2014,4579,4600,4570,4592,4592,1670210000
9/09/2014,4589,4599,4544,4552,4552,1956550000
10/09/2014,4554,4587,4545,4587,4587,1808650000
11/09/2014,4568,4592,4560,4592,4592,1704850000
12/09/2014,4589,4590,4556,4568,4568,1784170000
15/09/2014,4567,4567,4507,4519,4519,1940520000
16/09/2014,4502,4558,4500,4553,4553,1879350000
17/09/2014,4554,4582,4539,4562,4562,1796710000
18/09/2014,4576,4594,4573,4593,4593,1774840000
19/09/2014,4606,4611,4563,4580,4580,3178490000
22/09/2014,4568,4569,4513,4528,4528,1881520000
23/09/2014,4511,4536,4508,4509,4509,1847730000
24/09/2014,4515,4557,4500,4555,4555,1765260000
25/09/2014,4541,4547,4467,4467,4467,1939610000
26/09/2014,4476,4516,4475,4512,4512,1637480000
29/09/2014,4466,4515,4464,4506,4506,1737750000
30/09/2014,4513,4522,4484,4493,4493,2200380000
1/10/2014,4487,4487,4409,4422,4422,2312630000
2/10/2014,4421,4442,4368,4430,4430,2165500000
3/10/2014,4457,4488,4446,4476,4476,1777640000
6/10/2014,4492,4496,4444,4455,4455,1828240000
7/10/2014,4434,4442,4385,4385,4385,2111360000
8/10/2014,4386,4474,4355,4469,4469,2451630000
9/10/2014,4458,4464,4377,4378,4378,2264220000
10/10/2014,4355,4381,4276,4276,4276,2765750000
13/10/2014,4275,4304,4213,4214,4214,2467830000
14/10/2014,4246,4281,4213,4227,4227,2496120000
15/10/2014,4154,4232,4117,4215,4215,3058740000
16/10/2014,4133,4246,4132,4217,4217,2591940000
17/10/2014,4275,4296,4242,4258,4258,2260070000
20/10/2014,4254,4317,4248,4316,4316,1717370000
21/10/2014,4359,4419,4356,4419,4419,1997580000
22/10/2014,4429,4436,4381,4383,4383,1967020000
23/10/2014,4427,4476,4422,4453,4453,1952380000
24/10/2014,4459,4486,4446,4484,4484,1754300000
27/10/2014,4469,4490,4450,4486,4486,1585580000
28/10/2014,4506,4564,4505,4564,4564,1966920000
29/10/2014,4551,4564,4517,4549,4549,2184050000
30/10/2014,4532,4576,4522,4566,4566,2034960000
31/10/2014,4639,4642,4617,4631,4631,2424360000
3/11/2014,4634,4654,4627,4639,4639,2033000000
4/11/2014,4624,4636,4595,4624,4624,1939320000
5/11/2014,4649,4650,4608,4621,4621,2001870000
6/11/2014,4617,4639,4605,4638,4638,1986820000
7/11/2014,4637,4639,4607,4633,4633,1978830000
10/11/2014,4635,4653,4626,4652,4652,1830010000
11/11/2014,4649,4661,4640,4661,4661,1663690000
12/11/2014,4645,4679,4644,4675,4675,1773060000
13/11/2014,4682,4703,4664,4680,4680,1857580000
14/11/2014,4680,4689,4664,4689,4689,1739950000
17/11/2014,4678,4690,4655,4671,4671,1695070000
18/11/2014,4675,4710,4674,4702,4702,1655760000
19/11/2014,4695,4696,4656,4676,4676,1641560000
20/11/2014,4655,4703,4653,4702,4702,1667330000
21/11/2014,4751,4752,4701,4713,4713,1854340000
24/11/2014,4725,4755,4724,4755,4755,1568130000
25/11/2014,4762,4775,4750,4758,4758,1720140000
26/11/2014,4760,4788,4757,4787,4787,1362930000
28/11/2014,4797,4811,4787,4792,4792,998600000
1/12/2014,4778,4782,4725,4727,4727,1893600000
2/12/2014,4733,4762,4730,4756,4756,1839170000
3/12/2014,4761,4781,4745,4774,4774,1734510000
4/12/2014,4772,4785,4754,4769,4769,1724090000
5/12/2014,4777,4789,4770,4781,4781,1767100000
8/12/2014,4770,4793,4723,4741,4741,1966770000
9/12/2014,4685,4768,4674,4766,4766,1950330000
10/12/2014,4754,4767,4679,4684,4684,1850810000
11/12/2014,4705,4760,4699,4708,4708,1873050000
12/12/2014,4665,4708,4654,4654,4654,1888870000
15/12/2014,4680,4691,4592,4605,4605,2143610000
16/12/2014,4573,4645,4547,4548,4548,2231670000
17/12/2014,4557,4652,4551,4644,4644,2279930000
18/12/2014,4712,4748,4697,4748,4748,2172260000
19/12/2014,4753,4782,4738,4765,4765,3287920000
22/12/2014,4759,4782,4758,4781,4781,1720070000
23/12/2014,4798,4798,4761,4765,4765,1590820000
24/12/2014,4770,4788,4769,4773,4773,729750000
26/12/2014,4788,4815,4788,4807,4807,930220000
29/12/2014,4801,4814,4799,4807,4807,1227740000
30/12/2014,4794,4804,4773,4777,4777,1269200000
31/12/2014,4791,4806,4734,4736,4736,1515600000
2/01/2015,4760,4777,4698,4727,4727,1435150000
5/01/2015,4700,4703,4641,4653,4653,1794470000
6/01/2015,4667,4667,4568,4593,4593,2167320000
7/01/2015,4627,4653,4614,4650,4650,1957950000
8/01/2015,4690,4741,4688,4736,4736,2105450000
9/01/2015,4744,4745,4681,4704,4704,1715830000
12/01/2015,4714,4716,4651,4665,4665,1861960000
13/01/2015,4709,4751,4624,4662,4662,2162180000
14/01/2015,4611,4655,4596,4639,4639,2073810000
15/01/2015,4657,4664,4567,4571,4571,1976260000
16/01/2015,4566,4636,4563,4634,4634,1970520000
20/01/2015,4656,4666,4601,4655,4655,1835040000
21/01/2015,4642,4692,4630,4667,4667,1847420000
22/01/2015,4691,4753,4645,4750,4750,1996550000
23/01/2015,4748,4771,4738,4758,4758,1653830000
26/01/2015,4752,4774,4734,4772,4772,1717510000
27/01/2015,4698,4722,4660,4682,4682,1954160000
28/01/2015,4741,4742,4637,4638,4638,2118680000
29/01/2015,4636,4688,4602,4683,4683,2110710000
30/01/2015,4671,4704,4631,4635,4635,2264230000
2/02/2015,4651,4677,4580,4677,4677,2006450000
3/02/2015,4693,4728,4671,4728,4728,2153520000
4/02/2015,4700,4744,4698,4717,4717,2212960000
5/02/2015,4730,4767,4723,4765,4765,2036590000
6/02/2015,4769,4787,4731,4744,4744,2034060000
9/02/2015,4724,4749,4720,4726,4726,1654680000
10/02/2015,4755,4793,4737,4788,4788,1773730000
11/02/2015,4788,4810,4780,4801,4801,1793630000
12/02/2015,4828,4858,4824,4858,4858,2075470000
13/02/2015,4870,4894,4860,4894,4894,1942240000
17/02/2015,4890,4902,4881,4899,4899,1751490000
18/02/2015,4891,4908,4886,4906,4906,1684800000
19/02/2015,4902,4930,4901,4925,4925,1592890000
20/02/2015,4920,4957,4906,4956,4956,1761140000
23/02/2015,4953,4961,4940,4961,4961,1754850000
24/02/2015,4956,4971,4945,4968,4968,1834890000
25/02/2015,4960,4984,4956,4967,4967,1848560000
26/02/2015,4969,4989,4956,4988,4988,1905550000
27/02/2015,4985,4989,4961,4964,4964,1955590000
2/03/2015,4973,5009,4972,5008,5008,1931110000
3/03/2015,4991,4997,4956,4980,4980,2018900000
4/03/2015,4961,4973,4939,4967,4967,1824830000
5/03/2015,4980,4994,4963,4983,4983,1724200000
6/03/2015,4967,4983,4919,4927,4927,1918220000
9/03/2015,4936,4950,4921,4942,4942,1696510000
10/03/2015,4900,4903,4860,4860,4860,1876010000
11/03/2015,4867,4876,4847,4850,4850,1846020000
12/03/2015,4854,4896,4853,4893,4893,1855110000
13/03/2015,4886,4904,4843,4872,4872,1851410000
16/03/2015,4897,4930,4889,4930,4930,1713480000
17/03/2015,4913,4945,4907,4937,4937,1724370000
18/03/2015,4927,5002,4908,4983,4983,1983570000
19/03/2015,4982,5000,4980,4992,4992,1674970000
20/03/2015,5033,5042,5020,5026,5026,2825670000
23/03/2015,5021,5031,5011,5011,5011,1608880000
24/03/2015,5010,5032,4995,4995,4995,1611670000
25/03/2015,5003,5007,4877,4877,4877,2219520000
26/03/2015,4836,4889,4826,4863,4863,2004960000
27/03/2015,4864,4899,4860,4891,4891,1678650000
30/03/2015,4922,4948,4921,4947,4947,1778520000
31/03/2015,4926,4941,4899,4901,4901,1837660000
1/04/2015,4894,4899,4844,4880,4880,1874960000
2/04/2015,4885,4901,4873,4887,4887,1563670000
6/04/2015,4856,4930,4853,4917,4917,1737560000
7/04/2015,4918,4949,4910,4910,4910,1572940000
8/04/2015,4914,4957,4914,4951,4951,1714210000
9/04/2015,4951,4976,4928,4975,4975,1729750000
10/04/2015,4977,4996,4970,4996,4996,1494240000
13/04/2015,5002,5024,4986,4988,4988,1544190000
14/04/2015,4989,4997,4952,4977,4977,1571360000
15/04/2015,4993,5021,4989,5011,5011,1795530000
16/04/2015,4999,5016,4996,5008,5008,1662850000
17/04/2015,4966,4974,4912,4932,4932,1985190000
20/04/2015,4958,5000,4953,4995,4995,1646340000
21/04/2015,5024,5028,5010,5014,5014,1721260000
22/04/2015,5027,5041,4993,5035,5035,1696380000
23/04/2015,5020,5073,5019,5056,5056,1858620000
24/04/2015,5096,5100,5081,5092,5092,1895150000
27/04/2015,5104,5120,5054,5060,5060,2172470000
28/04/2015,5063,5075,5006,5055,5055,2032500000
29/04/2015,5028,5054,5000,5024,5024,1871300000
30/04/2015,4997,5016,4922,4941,4941,2269290000
1/05/2015,4966,5005,4963,5005,5005,1854400000
4/05/2015,5018,5044,5013,5017,5017,1668200000
5/05/2015,5000,5008,4934,4939,4939,2069490000
6/05/2015,4957,4965,4888,4920,4920,2144620000
7/05/2015,4918,4957,4915,4946,4946,2042960000
8/05/2015,4992,5014,4989,5004,5004,1978760000
11/05/2015,5003,5017,4992,4994,4994,1731390000
12/05/2015,4966,4996,4932,4976,4976,1705870000
13/05/2015,4991,5013,4977,4982,4982,1672260000
14/05/2015,5017,5052,5000,5051,5051,1741970000
15/05/2015,5059,5063,5035,5048,5048,1667260000
18/05/2015,5041,5085,5038,5078,5078,1643870000
19/05/2015,5080,5087,5063,5070,5070,1750980000
20/05/2015,5072,5098,5050,5072,5072,1786830000
21/05/2015,5066,5098,5063,5091,5091,1683670000
22/05/2015,5085,5104,5085,5089,5089,1544920000
26/05/2015,5077,5081,5017,5033,5033,1731950000
27/05/2015,5048,5112,5039,5107,5107,1809550000
28/05/2015,5096,5107,5080,5098,5098,1741420000
29/05/2015,5093,5099,5058,5070,5070,2024170000
1/06/2015,5095,5099,5046,5083,5083,1902120000
2/06/2015,5063,5100,5047,5077,5077,1729750000
3/06/2015,5098,5115,5085,5099,5099,1852680000
4/06/2015,5078,5101,5046,5059,5059,1813960000
5/06/2015,5057,5075,5026,5068,5068,1842890000
8/06/2015,5067,5069,5014,5022,5022,1712210000
9/06/2015,5013,5027,4975,5014,5014,1754340000
10/06/2015,5029,5087,5024,5077,5077,1792980000
11/06/2015,5088,5101,5075,5083,5083,1623950000
12/06/2015,5060,5068,5043,5051,5051,1428900000
15/06/2015,5012,5035,4986,5030,5030,1790280000
16/06/2015,5024,5063,5023,5056,5056,1654820000
17/06/2015,5068,5080,5042,5065,5065,1712820000
18/06/2015,5082,5143,5082,5133,5133,1877920000
19/06/2015,5140,5140,5114,5117,5117,2468310000
22/06/2015,5148,5162,5143,5154,5154,1619970000
23/06/2015,5162,5163,5139,5160,5160,1613540000
24/06/2015,5151,5164,5122,5122,5122,1628800000
25/06/2015,5139,5142,5102,5112,5112,1614760000
26/06/2015,5113,5121,5061,5081,5081,3843810000
29/06/2015,5021,5051,4956,4958,4958,2025580000
30/06/2015,5000,5009,4968,4987,4987,2034430000
1/07/2015,5029,5039,4994,5013,5013,1814560000
2/07/2015,5024,5027,4991,5009,5009,1490810000
6/07/2015,4964,5021,4961,4992,4992,1741500000
7/07/2015,4994,5002,4902,4997,4997,2132080000
8/07/2015,4954,4965,4902,4910,4910,1931520000
9/07/2015,4976,4982,4920,4922,4922,1861600000
10/07/2015,4981,5008,4967,4998,4998,1590230000
13/07/2015,5037,5075,5037,5072,5072,1694140000
14/07/2015,5077,5117,5075,5105,5105,1682660000
15/07/2015,5111,5125,5088,5099,5099,1691350000
16/07/2015,5138,5163,5129,5163,5163,1823530000
17/07/2015,5196,5210,5183,5210,5210,1854450000
20/07/2015,5223,5232,5201,5219,5219,1814180000
21/07/2015,5219,5229,5196,5208,5208,1774570000
22/07/2015,5146,5185,5146,5172,5172,2035730000
23/07/2015,5180,5197,5138,5146,5146,2003310000
24/07/2015,5167,5168,5085,5089,5089,2004380000
27/07/2015,5056,5073,5033,5040,5040,1942520000
28/07/2015,5063,5098,5026,5089,5089,2025110000
29/07/2015,5098,5118,5080,5112,5112,1890350000
30/07/2015,5100,5136,5071,5129,5129,1908480000
31/07/2015,5148,5155,5122,5128,5128,1926360000
3/08/2015,5134,5143,5082,5115,5115,1790080000
4/08/2015,5111,5126,5092,5106,5106,1819700000
5/08/2015,5133,5175,5132,5140,5140,2041490000
6/08/2015,5147,5150,5035,5056,5056,2290950000
7/08/2015,5044,5056,5006,5044,5044,2008360000
10/08/2015,5082,5112,5081,5102,5102,1784930000
11/08/2015,5069,5089,5013,5037,5037,1912340000
12/08/2015,4995,5056,4946,5044,5044,2089460000
13/08/2015,5051,5071,5030,5034,5034,1632340000
14/08/2015,5026,5052,5013,5048,5048,1487630000
17/08/2015,5032,5093,5022,5092,5092,1510790000
18/08/2015,5082,5085,5055,5059,5059,1501540000
19/08/2015,5039,5061,4993,5019,5019,1785420000
20/08/2015,4973,4987,4877,4877,4877,2087000000
21/08/2015,4801,4857,4706,4706,4706,2768540000
24/08/2015,4352,4695,4292,4526,4526,3508840000
25/08/2015,4687,4690,4506,4506,4506,2612800000
26/08/2015,4634,4704,4530,4698,4698,2631660000
27/08/2015,4761,4819,4722,4813,4813,2368880000
28/08/2015,4792,4837,4788,4828,4828,1936540000
31/08/2015,4799,4825,4763,4777,4777,1839010000
1/09/2015,4674,4722,4615,4636,4636,2253750000
2/09/2015,4704,4750,4659,4750,4750,1929080000
3/09/2015,4763,4800,4722,4734,4734,1803320000
4/09/2015,4670,4713,4658,4684,4684,1574720000
8/09/2015,4770,4815,4755,4812,4812,1765600000
9/09/2015,4856,4863,4747,4757,4757,1963750000
10/09/2015,4750,4826,4747,4796,4796,1845770000
11/09/2015,4771,4822,4763,4822,4822,1686190000
14/09/2015,4832,4832,4791,4806,4806,1467740000
15/09/2015,4819,4872,4802,4861,4861,1587460000
16/09/2015,4860,4893,4848,4889,4889,1666380000
17/09/2015,4884,4961,4881,4894,4894,1891510000
18/09/2015,4829,4879,4819,4827,4827,3272150000
21/09/2015,4852,4881,4796,4829,4829,2021530000
22/09/2015,4762,4776,4717,4757,4757,2042880000
23/09/2015,4765,4781,4735,4753,4753,1606330000
24/09/2015,4718,4746,4670,4734,4734,1995820000
25/09/2015,4782,4785,4659,4687,4687,2050530000
28/09/2015,4665,4665,4529,4544,4544,2387610000
29/09/2015,4551,4596,4487,4517,4517,2293450000
30/09/2015,4574,4620,4559,4620,4620,2398350000
1/10/2015,4624,4628,4559,4627,4627,2133990000
2/10/2015,4566,4708,4552,4708,4708,2183320000
5/10/2015,4742,4786,4740,4781,4781,2005320000
6/10/2015,4768,4783,4712,4748,4748,2085020000
7/10/2015,4775,4791,4729,4791,4791,2149890000
8/10/2015,4775,4819,4738,4811,4811,1984230000
9/10/2015,4817,4841,4805,4830,4830,1804260000
12/10/2015,4840,4847,4818,4839,4839,1343820000
13/10/2015,4809,4858,4794,4797,4797,1565060000
14/10/2015,4801,4820,4772,4783,4783,1902460000
15/10/2015,4799,4870,4795,4870,4870,1942900000
16/10/2015,4872,4887,4851,4887,4887,1855290000
19/10/2015,4874,4915,4866,4905,4905,1619920000
20/10/2015,4900,4909,4867,4881,4881,1711700000
21/10/2015,4904,4905,4836,4840,4840,1895390000
22/10/2015,4876,4927,4862,4920,4920,2156040000
23/10/2015,5024,5049,5000,5032,5032,2178270000
26/10/2015,5031,5045,5013,5035,5035,1758690000
27/10/2015,5019,5040,5009,5030,5030,1986840000
28/10/2015,5040,5096,5020,5096,5096,2141130000
29/10/2015,5071,5085,5067,5074,5074,1928310000
30/10/2015,5080,5085,5054,5054,5054,2016390000
2/11/2015,5066,5131,5061,5127,5127,1888180000
3/11/2015,5114,5163,5110,5145,5145,2028630000
4/11/2015,5156,5163,5123,5142,5142,2096110000
5/11/2015,5144,5155,5098,5128,5128,2054490000
6/11/2015,5124,5147,5093,5147,5147,2066430000
9/11/2015,5129,5133,5066,5095,5095,1850770000
10/11/2015,5069,5087,5051,5083,5083,1906120000
11/11/2015,5098,5111,5067,5067,5067,1672340000
12/11/2015,5043,5062,5004,5005,5005,1820930000
13/11/2015,4981,4989,4925,4928,4928,2001050000
16/11/2015,4916,4985,4909,4985,4985,1819190000
17/11/2015,4992,5023,4976,4986,4986,1861710000
18/11/2015,5005,5079,5002,5075,5075,2017390000
19/11/2015,5079,5092,5067,5074,5074,1794110000
20/11/2015,5097,5112,5094,5105,5105,1766630000
23/11/2015,5107,5128,5085,5102,5102,1668280000
24/11/2015,5071,5111,5050,5103,5103,1956920000
25/11/2015,5107,5124,5101,5116,5116,1539300000
27/11/2015,5122,5134,5109,5128,5128,781730000
30/11/2015,5140,5141,5099,5109,5109,2244550000
1/12/2015,5130,5156,5120,5156,5156,2035570000
2/12/2015,5159,5177,5117,5123,5123,2060340000
3/12/2015,5143,5145,5012,5038,5038,2088100000
4/12/2015,5051,5147,5043,5142,5142,1897490000
7/12/2015,5139,5140,5082,5102,5102,1952690000
8/12/2015,5051,5112,5046,5098,5098,1871450000
9/12/2015,5077,5106,5000,5023,5023,2003450000
10/12/2015,5026,5076,5019,5045,5045,1746520000
11/12/2015,4980,4996,4929,4933,4933,2084950000
14/12/2015,4933,4954,4872,4952,4952,2216060000
15/12/2015,4991,5027,4987,4995,4995,2054710000
16/12/2015,5033,5079,4993,5071,5071,2036610000
17/12/2015,5087,5089,5003,5003,5003,1897220000
18/12/2015,4983,4996,4921,4923,4923,3765210000
21/12/2015,4958,4969,4929,4969,4969,1673400000
22/12/2015,4989,5008,4964,5001,5001,1556670000
23/12/2015,5026,5046,5020,5046,5046,1591490000
24/12/2015,5046,5063,5044,5048,5048,706880000
28/12/2015,5032,5041,4999,5041,5041,1310650000
29/12/2015,5067,5117,5066,5108,5108,1383470000
30/12/2015,5101,5102,5066,5066,5066,1247530000
31/12/2015,5047,5058,5007,5007,5007,1437480000
4/01/2016,4898,4903,4847,4903,4903,2218420000
5/01/2016,4918,4927,4873,4891,4891,1927380000
6/01/2016,4814,4866,4805,4836,4836,2168620000
7/01/2016,4736,4788,4688,4689,4689,2552590000
8/01/2016,4722,4743,4638,4644,4644,2288750000
11/01/2016,4673,4683,4574,4638,4638,2391110000
12/01/2016,4682,4715,4618,4686,4686,2147470000
13/01/2016,4706,4714,4518,4526,4526,2533200000
14/01/2016,4545,4651,4471,4615,4615,2565560000
15/01/2016,4464,4520,4419,4488,4488,2818630000
19/01/2016,4548,4551,4431,4477,4477,2394550000
20/01/2016,4405,4515,4313,4472,4472,3204130000
21/01/2016,4481,4537,4432,4472,4472,2447750000
22/01/2016,4557,4591,4540,4591,4591,2153340000
25/01/2016,4575,4590,4515,4518,4518,2028880000
26/01/2016,4537,4583,4504,4568,4568,1981180000
27/01/2016,4549,4569,4451,4468,4468,2115710000
28/01/2016,4534,4534,4448,4507,4507,2322310000
29/01/2016,4512,4614,4511,4614,4614,2617550000
1/02/2016,4588,4637,4565,4620,4620,1983340000
2/02/2016,4589,4590,4503,4517,4517,2185180000
3/02/2016,4544,4547,4424,4504,4504,2466190000
4/02/2016,4492,4546,4464,4510,4510,2200930000
5/02/2016,4491,4493,4350,4363,4363,2489280000
8/02/2016,4288,4302,4213,4284,4284,2702070000
9/02/2016,4225,4330,4222,4269,4269,2465790000
10/02/2016,4318,4370,4281,4284,4284,2448380000
11/02/2016,4219,4293,4210,4267,4267,2812330000
12/02/2016,4307,4340,4274,4338,4338,1983190000
16/02/2016,4398,4436,4377,4436,4436,2117920000
17/02/2016,4472,4541,4464,4534,4534,2296440000
18/02/2016,4548,4548,4483,4488,4488,1955870000
19/02/2016,4465,4513,4455,4504,4504,1903770000
22/02/2016,4548,4576,4547,4571,4571,1794020000
23/02/2016,4550,4558,4501,4504,4504,1777750000
24/02/2016,4454,4548,4426,4543,4543,1978180000
25/02/2016,4555,4582,4517,4582,4582,1667840000
26/02/2016,4615,4619,4581,4590,4590,1814920000
29/02/2016,4585,4620,4557,4558,4558,2065260000
1/03/2016,4596,4690,4582,4690,4690,2080150000
2/03/2016,4684,4704,4666,4703,4703,1912510000
3/03/2016,4698,4708,4674,4707,4707,1936290000
4/03/2016,4716,4747,4688,4717,4717,2171230000
7/03/2016,4691,4731,4675,4708,4708,2084390000
8/03/2016,4676,4695,4643,4649,4649,1993060000
9/03/2016,4666,4676,4642,4674,4674,1789550000
10/03/2016,4691,4716,4608,4662,4662,1936470000
11/03/2016,4712,4749,4701,4748,4748,1801790000
14/03/2016,4733,4762,4732,4750,4750,1615100000
15/03/2016,4731,4735,4712,4729,4729,1692420000
16/03/2016,4718,4775,4716,4764,4764,1781060000
17/03/2016,4753,4788,4738,4775,4775,1907190000
18/03/2016,4785,4805,4772,4796,4796,2829040000
21/03/2016,4787,4815,4785,4809,4809,1609230000
22/03/2016,4784,4836,4782,4822,4822,1596200000
23/03/2016,4814,4817,4765,4769,4769,1732630000
24/03/2016,4743,4774,4735,4774,4774,1590990000
28/03/2016,4785,4787,4760,4767,4767,1381000000
29/03/2016,4757,4849,4750,4847,4847,1806490000
30/03/2016,4875,4899,4859,4869,4869,1717820000
31/03/2016,4870,4891,4864,4870,4870,1774270000
1/04/2016,4843,4917,4832,4915,4915,1812250000
4/04/2016,4911,4918,4885,4892,4892,1705730000
5/04/2016,4856,4873,4839,4844,4844,1726010000
6/04/2016,4850,4922,4849,4921,4921,1761770000
7/04/2016,4894,4901,4831,4848,4848,1908940000
8/04/2016,4884,4893,4835,4851,4851,1588830000
11/04/2016,4873,4898,4833,4833,4833,1545540000
12/04/2016,4839,4880,4809,4872,4872,1759280000
13/04/2016,4905,4952,4904,4947,4947,1936450000
14/04/2016,4948,4961,4932,4946,4946,1645810000
15/04/2016,4939,4950,4925,4938,4938,1684790000
18/04/2016,4919,4961,4916,4960,4960,1672260000
19/04/2016,4968,4969,4916,4940,4940,1824250000
20/04/2016,4942,4969,4928,4948,4948,1781340000
21/04/2016,4949,4967,4933,4946,4946,1758190000
22/04/2016,4898,4922,4872,4906,4906,2018930000
25/04/2016,4891,4905,4878,4896,4896,1582270000
26/04/2016,4904,4915,4875,4888,4888,1825020000
27/04/2016,4855,4873,4826,4863,4863,1938780000
28/04/2016,4858,4889,4796,4805,4805,2161400000
29/04/2016,4806,4808,4741,4775,4775,2376460000
2/05/2016,4787,4822,4768,4818,4818,1880460000
3/05/2016,4781,4791,4750,4763,4763,1984340000
4/05/2016,4735,4752,4714,4726,4726,1950800000
5/05/2016,4742,4745,4710,4717,4717,1888350000
6/05/2016,4696,4736,4684,4736,4736,1860800000
9/05/2016,4736,4772,4735,4750,4750,1625100000
10/05/2016,4769,4811,4758,4810,4810,1760120000
11/05/2016,4799,4812,4760,4761,4761,1859110000
12/05/2016,4778,4779,4710,4737,4737,1930450000
13/05/2016,4731,4759,4708,4718,4718,1698030000
16/05/2016,4729,4791,4725,4775,4775,1741510000
17/05/2016,4769,4776,4703,4716,4716,1925230000
18/05/2016,4706,4762,4704,4739,4739,1934100000
19/05/2016,4717,4735,4678,4713,4713,1805890000
20/05/2016,4729,4782,4729,4770,4770,1970520000
23/05/2016,4772,4793,4764,4766,4766,1865110000
24/05/2016,4793,4866,4793,4861,4861,1942280000
25/05/2016,4877,4905,4872,4895,4895,1784420000
26/05/2016,4898,4909,4887,4902,4902,1606250000
27/05/2016,4904,4934,4903,4934,4934,1505020000
31/05/2016,4938,4951,4923,4948,4948,2285350000
1/06/2016,4929,4959,4923,4952,4952,1797090000
2/06/2016,4941,4971,4924,4971,4971,1729050000
3/06/2016,4958,4959,4909,4943,4943,1697840000
6/06/2016,4950,4980,4945,4969,4969,1663840000
7/06/2016,4972,4979,4960,4962,4962,1747760000
8/06/2016,4970,4980,4957,4975,4975,1692640000
9/06/2016,4954,4965,4941,4959,4959,1632340000
10/06/2016,4915,4918,4881,4895,4895,1822200000
13/06/2016,4869,4895,4845,4848,4848,1888300000
14/06/2016,4837,4863,4812,4844,4844,1919710000
15/06/2016,4855,4868,4830,4835,4835,1802200000
16/06/2016,4810,4848,4779,4845,4845,1851770000
17/06/2016,4835,4835,4792,4800,4800,2638220000
20/06/2016,4857,4882,4835,4837,4837,1779560000
21/06/2016,4845,4852,4827,4844,4844,1698080000
22/06/2016,4847,4876,4830,4833,4833,1682220000
23/06/2016,4872,4910,4859,4910,4910,1738570000
24/06/2016,4716,4798,4698,4708,4708,4411040000
27/06/2016,4664,4665,4574,4594,4594,2659650000
28/06/2016,4644,4693,4644,4692,4692,2074090000
29/06/2016,4733,4788,4732,4779,4779,2116550000
30/06/2016,4794,4843,4775,4843,4843,2171180000
1/07/2016,4837,4880,4837,4863,4863,1745130000
5/07/2016,4837,4839,4797,4823,4823,1690340000
6/07/2016,4799,4861,4786,4859,4859,1876090000
7/07/2016,4867,4889,4854,4877,4877,1672770000
8/07/2016,4907,4959,4901,4957,4957,1947260000
11/07/2016,4977,5003,4977,4989,4989,1718450000
12/07/2016,5018,5032,5010,5023,5023,1866280000
13/07/2016,5036,5036,5003,5006,5006,1650820000
14/07/2016,5042,5045,5025,5034,5034,1641170000
15/07/2016,5041,5045,5019,5030,5030,1610300000
18/07/2016,5035,5064,5030,5056,5056,1585570000
19/07/2016,5038,5052,5028,5036,5036,1694740000
20/07/2016,5062,5098,5054,5090,5090,1877330000
21/07/2016,5094,5103,5061,5074,5074,1880310000
22/07/2016,5078,5104,5064,5100,5100,1639000000
25/07/2016,5097,5101,5083,5098,5098,1770620000
26/07/2016,5096,5122,5084,5110,5110,2038060000
27/07/2016,5144,5151,5121,5140,5140,2122250000
28/07/2016,5145,5160,5131,5155,5155,1950910000
29/07/2016,5162,5176,5140,5162,5162,2072640000
1/08/2016,5167,5199,5159,5184,5184,1866590000
2/08/2016,5178,5181,5110,5138,5138,2142010000
3/08/2016,5133,5160,5128,5160,5160,1909470000
4/08/2016,5158,5174,5145,5166,5166,1930000000
5/08/2016,5191,5227,5186,5221,5221,2017720000
8/08/2016,5224,5228,5202,5213,5213,1624450000
9/08/2016,5216,5239,5215,5225,5225,1664320000
10/08/2016,5228,5228,5194,5205,5205,1651240000
11/08/2016,5222,5235,5211,5228,5228,1511670000
12/08/2016,5220,5233,5216,5233,5233,1501620000
15/08/2016,5242,5271,5241,5262,5262,1533170000
16/08/2016,5248,5248,5227,5227,5227,1698390000
17/08/2016,5228,5230,5197,5229,5229,1747890000
18/08/2016,5226,5243,5222,5240,5240,1659080000
19/08/2016,5230,5246,5218,5238,5238,1632740000
22/08/2016,5231,5252,5225,5245,5245,1560210000
23/08/2016,5266,5276,5258,5260,5260,1547050000
24/08/2016,5254,5263,5206,5218,5218,1714780000
25/08/2016,5208,5231,5202,5212,5212,1511890000
26/08/2016,5219,5253,5192,5219,5219,1591060000
29/08/2016,5224,5245,5222,5232,5232,1416640000
30/08/2016,5230,5242,5206,5223,5223,1561020000
31/08/2016,5216,5220,5191,5213,5213,1761770000
1/09/2016,5218,5230,5189,5227,5227,1592520000
2/09/2016,5250,5263,5231,5250,5250,1474200000
6/09/2016,5260,5276,5244,5276,5276,1777940000
7/09/2016,5274,5288,5262,5284,5284,1878460000
8/09/2016,5270,5271,5248,5259,5259,1839790000
9/09/2016,5218,5226,5126,5126,5126,2208690000
12/09/2016,5098,5218,5098,5212,5212,2007610000
13/09/2016,5181,5195,5131,5155,5155,2071460000
14/09/2016,5160,5201,5160,5174,5174,1902680000
15/09/2016,5178,5255,5176,5250,5250,1950940000
16/09/2016,5239,5249,5219,5245,5245,3013860000
19/09/2016,5264,5281,5223,5235,5235,1791120000
20/09/2016,5256,5265,5235,5241,5241,1695190000
21/09/2016,5264,5299,5234,5295,5295,1999690000
22/09/2016,5323,5343,5321,5340,5340,1882100000
23/09/2016,5327,5330,5302,5306,5306,1761330000
26/09/2016,5276,5282,5255,5257,5257,1669520000
27/09/2016,5254,5307,5251,5306,5306,1751060000
28/09/2016,5313,5321,5285,5319,5319,1785470000
29/09/2016,5311,5317,5255,5269,5269,1941170000
30/09/2016,5289,5326,5278,5312,5312,2059800000
3/10/2016,5300,5309,5282,5301,5301,1604060000
4/10/2016,5313,5324,5272,5290,5290,1708990000
5/10/2016,5305,5331,5304,5316,5316,1753340000
6/10/2016,5307,5316,5281,5307,5307,1654020000
7/10/2016,5315,5316,5267,5292,5292,1646650000
10/10/2016,5318,5341,5318,5329,5329,1364150000
11/10/2016,5322,5322,5227,5247,5247,1821680000
12/10/2016,5248,5257,5229,5239,5239,1565940000
13/10/2016,5200,5228,5170,5213,5213,1735310000
14/10/2016,5241,5259,5213,5214,5214,1594480000
17/10/2016,5214,5220,5196,5200,5200,1424270000
18/10/2016,5255,5264,5239,5244,5244,1474430000
19/10/2016,5240,5254,5234,5246,5246,1546960000
20/10/2016,5238,5252,5216,5242,5242,1741820000
21/10/2016,5239,5259,5226,5257,5257,1649470000
24/10/2016,5290,5312,5289,5310,5310,1531970000
25/10/2016,5306,5310,5279,5283,5283,1579490000
26/10/2016,5256,5281,5237,5250,5250,1725900000
27/10/2016,5272,5274,5212,5216,5216,1918690000
28/10/2016,5204,5232,5179,5190,5190,1895970000
31/10/2016,5205,5207,5187,5189,5189,1707260000
1/11/2016,5200,5201,5112,5154,5154,1878650000
2/11/2016,5147,5157,5098,5106,5106,2105870000
3/11/2016,5105,5115,5054,5058,5058,2107720000
4/11/2016,5034,5088,5034,5046,5046,2015130000
7/11/2016,5129,5169,5123,5166,5166,1914310000
8/11/2016,5155,5214,5145,5193,5193,1736100000
9/11/2016,5144,5259,5144,5251,5251,2824560000
10/11/2016,5283,5303,5145,5209,5209,2984360000
11/11/2016,5192,5241,5180,5237,5237,2285050000
14/11/2016,5246,5247,5192,5218,5218,2369190000
15/11/2016,5241,5287,5236,5276,5276,2156500000
16/11/2016,5254,5300,5252,5295,5295,2057140000
17/11/2016,5295,5334,5288,5334,5334,2081760000
18/11/2016,5341,5347,5316,5322,5322,1858610000
21/11/2016,5337,5370,5334,5369,5369,1745320000
22/11/2016,5385,5392,5366,5386,5386,1886800000
23/11/2016,5367,5381,5351,5381,5381,1616740000
25/11/2016,5388,5399,5379,5399,5399,768070000
28/11/2016,5388,5396,5365,5369,5369,1625620000
29/11/2016,5371,5404,5361,5380,5380,1788790000
30/11/2016,5391,5393,5324,5324,5324,2064430000
1/12/2016,5324,5326,5238,5251,5251,2264960000
2/12/2016,5249,5275,5239,5256,5256,1848930000
5/12/2016,5284,5321,5270,5309,5309,1798160000
6/12/2016,5318,5334,5300,5333,5333,1974850000
7/12/2016,5323,5398,5307,5394,5394,2122590000
8/12/2016,5394,5426,5389,5417,5417,2231070000
9/12/2016,5436,5450,5427,5445,5445,2038700000
12/12/2016,5428,5435,5394,5413,5413,1927560000
13/12/2016,5434,5487,5431,5464,5464,2085710000
14/12/2016,5466,5476,5426,5437,5437,1974150000
15/12/2016,5444,5485,5439,5457,5457,2095910000
16/12/2016,5468,5475,5426,5437,5437,3257750000
19/12/2016,5441,5483,5437,5457,5457,1685800000
20/12/2016,5474,5489,5472,5484,5484,1678040000
21/12/2016,5483,5486,5465,5471,5471,1493900000
22/12/2016,5472,5472,5433,5447,5447,1582600000
23/12/2016,5442,5463,5442,5463,5463,1144280000
27/12/2016,5471,5512,5470,5487,5487,1216870000
28/12/2016,5497,5499,5435,5439,5439,1322130000
29/12/2016,5438,5451,5415,5432,5432,1264480000
30/12/2016,5440,5442,5372,5383,5383,1550820000
3/01/2017,5426,5453,5398,5429,5429,1886200000
4/01/2017,5441,5482,5440,5477,5477,1883360000
5/01/2017,5474,5496,5464,5488,5488,1792610000
6/01/2017,5499,5537,5483,5521,5521,1710770000
9/01/2017,5528,5541,5517,5532,5532,1885500000
10/01/2017,5537,5564,5528,5552,5552,1796500000
11/01/2017,5551,5564,5524,5564,5564,1954720000
12/01/2017,5543,5551,5497,5547,5547,1801750000
13/01/2017,5558,5584,5557,5574,5574,1605110000
17/01/2017,5555,5557,5527,5539,5539,1757030000
18/01/2017,5547,5556,5535,5556,5556,1683320000
19/01/2017,5561,5572,5528,5540,5540,1805710000
20/01/2017,5557,5574,5542,5555,5555,1740320000
23/01/2017,5547,5564,5523,5553,5553,1650290000
24/01/2017,5568,5607,5558,5601,5601,1805370000
25/01/2017,5636,5659,5634,5656,5656,1959950000
26/01/2017,5666,5670,5648,5655,5655,1827490000
27/01/2017,5665,5667,5644,5661,5661,1663400000
30/01/2017,5636,5636,5579,5614,5614,1777090000
31/01/2017,5593,5615,5576,5615,5615,2041480000
1/02/2017,5655,5662,5621,5643,5643,2223560000
2/02/2017,5627,5656,5616,5636,5636,2073980000
3/02/2017,5651,5667,5648,5667,5667,1786860000
6/02/2017,5657,5668,5650,5664,5664,1732280000
7/02/2017,5675,5690,5665,5674,5674,1919100000
8/02/2017,5663,5687,5649,5682,5682,1945060000
9/02/2017,5688,5723,5685,5715,5715,1943840000
10/02/2017,5726,5743,5717,5734,5734,1852010000
13/02/2017,5753,5771,5752,5764,5764,1840010000
14/02/2017,5757,5783,5749,5783,5783,1945160000
15/02/2017,5778,5822,5777,5819,5819,2083660000
16/02/2017,5823,5835,5797,5815,5815,1943600000
17/02/2017,5807,5839,5801,5839,5839,1875580000
21/02/2017,5850,5868,5848,5866,5866,1935110000
22/02/2017,5858,5864,5848,5861,5861,1872330000
23/02/2017,5867,5867,5810,5836,5836,1879670000
24/02/2017,5802,5845,5801,5845,5845,1683280000
27/02/2017,5835,5862,5827,5862,5862,1876090000
28/02/2017,5853,5855,5817,5825,5825,2298380000
1/03/2017,5875,5912,5866,5904,5904,2210360000
2/03/2017,5897,5897,5856,5861,5861,2040770000
3/03/2017,5854,5871,5841,5871,5871,1852130000
6/03/2017,5846,5858,5827,5849,5849,1767840000
7/03/2017,5836,5860,5826,5834,5834,1822000000
8/03/2017,5838,5861,5833,5838,5838,1810480000
9/03/2017,5835,5853,5812,5839,5839,1883930000
10/03/2017,5867,5873,5835,5862,5862,1982150000
13/03/2017,5863,5877,5861,5876,5876,1799340000
14/03/2017,5860,5861,5832,5857,5857,1663170000
15/03/2017,5870,5911,5858,5900,5900,1952690000
16/03/2017,5908,5911,5887,5901,5901,1766980000
17/03/2017,5899,5913,5890,5901,5901,3184130000
20/03/2017,5899,5915,5888,5902,5902,1730550000
21/03/2017,5923,5928,5791,5794,5794,2192090000
22/03/2017,5791,5826,5782,5822,5822,1857680000
23/03/2017,5812,5843,5807,5818,5818,1742640000
24/03/2017,5839,5859,5808,5829,5829,1841920000
27/03/2017,5776,5849,5769,5840,5840,1670760000
28/03/2017,5837,5889,5829,5875,5875,1820860000
29/03/2017,5875,5901,5871,5898,5898,1718680000
30/03/2017,5896,5917,5894,5914,5914,1723770000
31/03/2017,5906,5928,5902,5912,5912,1902800000
3/04/2017,5917,5929,5868,5895,5895,1854200000
4/04/2017,5879,5901,5879,5899,5899,1790840000
5/04/2017,5912,5936,5856,5864,5864,2204490000
6/04/2017,5871,5890,5856,5879,5879,1845800000
7/04/2017,5874,5892,5856,5878,5878,1692150000
10/04/2017,5883,5908,5866,5881,5881,1630070000
11/04/2017,5871,5879,5819,5867,5867,1821650000
12/04/2017,5864,5868,5830,5836,5836,1658960000
13/04/2017,5828,5857,5805,5805,5805,1581870000
17/04/2017,5822,5857,5818,5857,5857,1381290000
18/04/2017,5839,5860,5829,5849,5849,1608870000
19/04/2017,5874,5895,5856,5863,5863,1752620000
20/04/2017,5888,5926,5880,5917,5917,1749110000
21/04/2017,5919,5919,5899,5911,5911,1723210000
24/04/2017,5980,5990,5970,5984,5984,1836570000
25/04/2017,6004,6036,6003,6025,6025,1895430000
26/04/2017,6028,6041,6022,6025,6025,1894210000
27/04/2017,6038,6051,6032,6049,6049,1876700000
28/04/2017,6073,6074,6041,6048,6048,1995160000
1/05/2017,6068,6101,6061,6092,6092,1757000000
2/05/2017,6103,6103,6082,6095,6095,2146730000
3/05/2017,6075,6077,6053,6073,6073,2149360000
4/05/2017,6075,6081,6054,6075,6075,2056270000
5/05/2017,6092,6101,6067,6101,6101,1899570000
8/05/2017,6101,6106,6083,6103,6103,1909710000
9/05/2017,6112,6133,6108,6121,6121,1997490000
10/05/2017,6122,6132,6104,6129,6129,2108000000
11/05/2017,6110,6120,6076,6116,6116,1950910000
12/05/2017,6119,6123,6105,6121,6121,1740960000
15/05/2017,6128,6153,6125,6150,6150,1850790000
16/05/2017,6161,6170,6139,6170,6170,1999330000
17/05/2017,6109,6123,6009,6011,6011,2347480000
18/05/2017,5998,6073,5997,6055,6055,2131520000
19/05/2017,6070,6107,6070,6084,6084,1905520000
22/05/2017,6098,6136,6097,6134,6134,1726230000
23/05/2017,6150,6151,6122,6139,6139,1705860000
24/05/2017,6154,6166,6139,6163,6163,1666050000
25/05/2017,6183,6217,6175,6205,6205,1767690000
26/05/2017,6207,6212,6197,6210,6210,1571040000
30/05/2017,6204,6217,6200,6203,6203,1688480000
31/05/2017,6222,6222,6164,6199,6199,2209400000
1/06/2017,6216,6247,6200,6247,6247,1943610000
2/06/2017,6262,6309,6254,6306,6306,1820000000
5/06/2017,6305,6311,6292,6296,6296,1739820000
6/06/2017,6282,6304,6270,6275,6275,1889690000
7/06/2017,6290,6303,6267,6297,6297,1822270000
8/06/2017,6312,6324,6283,6322,6322,2128780000
9/06/2017,6330,6342,6138,6208,6208,3152050000
12/06/2017,6154,6184,6111,6175,6175,2586540000
13/06/2017,6206,6226,6180,6220,6220,2062110000
14/06/2017,6237,6238,6154,6195,6195,1940440000
15/06/2017,6127,6170,6108,6166,6166,1858130000
16/06/2017,6154,6162,6126,6152,6152,3120640000
19/06/2017,6197,6243,6194,6239,6239,1976970000
20/06/2017,6230,6234,6187,6188,6188,2570130000
21/06/2017,6203,6237,6201,6234,6234,2401440000
22/06/2017,6239,6258,6222,6237,6237,2170250000
23/06/2017,6234,6269,6219,6265,6265,2704600000
26/06/2017,6293,6303,6233,6247,6247,2150630000
27/06/2017,6228,6234,6147,6147,6147,2181830000
28/06/2017,6173,6238,6145,6234,6234,2069400000
29/06/2017,6215,6217,6088,6144,6144,2402250000
30/06/2017,6167,6171,6129,6140,6140,1998330000
3/07/2017,6173,6177,6106,6110,6110,1099560000
5/07/2017,6122,6164,6100,6151,6151,1872130000
6/07/2017,6110,6128,6082,6089,6089,1990590000
7/07/2017,6111,6165,6111,6153,6153,1700630000
10/07/2017,6156,6191,6142,6176,6176,1675470000
11/07/2017,6171,6201,6150,6193,6193,1808110000
12/07/2017,6239,6266,6237,6261,6261,1820550000
13/07/2017,6269,6281,6251,6274,6274,1803810000
14/07/2017,6289,6322,6279,6312,6312,1608120000
17/07/2017,6320,6331,6307,6314,6314,1558030000
18/07/2017,6305,6345,6291,6344,6344,1762400000
19/07/2017,6363,6388,6362,6385,6385,1862910000
20/07/2017,6396,6398,6366,6390,6390,1818880000
21/07/2017,6383,6389,6365,6388,6388,1797100000
24/07/2017,6388,6418,6381,6411,6411,1735520000
25/07/2017,6408,6425,6397,6412,6412,1925230000
26/07/2017,6426,6432,6416,6423,6423,1988040000
27/07/2017,6460,6461,6319,6382,6382,2483560000
28/07/2017,6350,6380,6337,6375,6375,1860770000
31/07/2017,6395,6397,6339,6348,6348,1891710000
1/08/2017,6372,6376,6346,6363,6363,1812590000
2/08/2017,6393,6394,6313,6363,6363,2104130000
3/08/2017,6366,6369,6331,6340,6340,2113440000
4/08/2017,6351,6361,6330,6352,6352,1907170000
7/08/2017,6361,6386,6356,6384,6384,1701550000
8/08/2017,6373,6423,6356,6370,6370,1914670000
9/08/2017,6323,6355,6309,6352,6352,2033760000
10/08/2017,6313,6318,6214,6217,6217,2204700000
11/08/2017,6222,6267,6216,6257,6257,1794850000
14/08/2017,6306,6347,6306,6340,6340,1698560000
15/08/2017,6351,6351,6325,6333,6333,1580060000
16/08/2017,6348,6375,6330,6345,6345,1804730000
17/08/2017,6323,6334,6222,6222,6222,2041220000
18/08/2017,6222,6254,6193,6217,6217,1964590000
21/08/2017,6216,6227,6177,6213,6213,1576070000
22/08/2017,6241,6303,6241,6297,6297,1597700000
23/08/2017,6263,6291,6263,6278,6278,1533220000
24/08/2017,6295,6303,6245,6271,6271,1616780000
25/08/2017,6294,6309,6257,6266,6266,1442900000
28/08/2017,6286,6292,6268,6283,6283,1558690000
29/08/2017,6229,6311,6229,6302,6302,1637640000
30/08/2017,6309,6374,6304,6368,6368,1712070000
31/08/2017,6386,6435,6384,6429,6429,1885710000
1/09/2017,6442,6450,6418,6435,6435,1488040000
5/09/2017,6415,6427,6335,6376,6376,1886950000
6/09/2017,6394,6407,6356,6393,6393,1906030000
7/09/2017,6403,6413,6380,6398,6398,1998380000
8/09/2017,6390,6391,6355,6360,6360,1785560000
11/09/2017,6411,6439,6411,6432,6432,1819300000
12/09/2017,6449,6455,6430,6454,6454,1745090000
13/09/2017,6441,6460,6433,6460,6460,1942090000
14/09/2017,6439,6455,6424,6429,6429,1809170000
15/09/2017,6426,6464,6420,6448,6448,2821110000
18/09/2017,6460,6478,6438,6455,6455,1874440000
19/09/2017,6466,6468,6447,6461,6461,1809710000
20/09/2017,6460,6466,6414,6456,6456,2052520000
21/09/2017,6449,6449,6405,6423,6423,1772790000
22/09/2017,6401,6430,6401,6427,6427,1639100000
25/09/2017,6403,6408,6344,6371,6371,2050410000
26/09/2017,6392,6405,6365,6380,6380,1926420000
27/09/2017,6414,6473,6405,6453,6453,2053720000
28/09/2017,6438,6456,6428,6453,6453,1828570000
29/09/2017,6461,6498,6455,6496,6496,1967720000
2/10/2017,6506,6527,6484,6517,6517,1977030000
3/10/2017,6524,6532,6510,6532,6532,1969320000
4/10/2017,6522,6546,6513,6535,6535,1938440000
5/10/2017,6553,6587,6548,6585,6585,1875670000
6/10/2017,6567,6590,6567,6590,6590,1742470000
9/10/2017,6597,6599,6572,6580,6580,1490620000
10/10/2017,6602,6608,6562,6587,6587,1799400000
11/10/2017,6587,6604,6578,6604,6604,1830360000
12/10/2017,6595,6614,6586,6592,6592,2000470000
13/10/2017,6613,6617,6602,6606,6606,1756150000
16/10/2017,6623,6633,6607,6624,6624,1629480000
17/10/2017,6621,6629,6613,6624,6624,1647240000
18/10/2017,6634,6636,6614,6624,6624,1734030000
19/10/2017,6584,6605,6559,6605,6605,1823860000
20/10/2017,6633,6640,6623,6629,6629,1794810000
23/10/2017,6642,6642,6581,6587,6587,1809320000
24/10/2017,6599,6612,6582,6598,6598,1842640000
25/10/2017,6587,6601,6518,6564,6564,2190720000
26/10/2017,6568,6583,6550,6557,6557,2108210000
27/10/2017,6635,6708,6626,6701,6701,2403600000
30/10/2017,6694,6727,6677,6699,6699,2013640000
31/10/2017,6714,6738,6706,6728,6728,2043890000
1/11/2017,6759,6760,6691,6717,6717,2056860000
2/11/2017,6709,6720,6678,6715,6715,2262940000
3/11/2017,6737,6765,6713,6764,6764,2195010000
6/11/2017,6763,6791,6763,6786,6786,2166470000
7/11/2017,6785,6796,6750,6768,6768,2205270000
8/11/2017,6765,6792,6753,6789,6789,2110990000
9/11/2017,6737,6759,6687,6750,6750,2235180000
10/11/2017,6736,6757,6727,6751,6751,1973970000
13/11/2017,6727,6766,6723,6758,6758,1973790000
14/11/2017,6734,6744,6709,6738,6738,1983830000
15/11/2017,6701,6725,6667,6706,6706,1908660000
16/11/2017,6742,6807,6742,6793,6793,2002920000
17/11/2017,6794,6798,6777,6783,6783,1988090000
20/11/2017,6789,6796,6779,6791,6791,1800880000
21/11/2017,6821,6863,6820,6862,6862,1883550000
22/11/2017,6870,6875,6859,6867,6867,1588200000
24/11/2017,6878,6890,6874,6889,6889,848520000
27/11/2017,6890,6897,6868,6879,6879,1773400000
28/11/2017,6894,6914,6866,6912,6912,2000410000
29/11/2017,6907,6908,6794,6824,6824,2452860000
30/11/2017,6853,6889,6838,6874,6874,2458580000
1/12/2017,6844,6872,6737,6848,6848,2293570000
4/12/2017,6897,6899,6771,6775,6775,2426570000
5/12/2017,6759,6836,6752,6762,6762,2083540000
6/12/2017,6742,6787,6734,6776,6776,1891850000
7/12/2017,6786,6829,6778,6813,6813,1934120000
8/12/2017,6860,6870,6832,6840,6840,1806040000
11/12/2017,6848,6880,6845,6875,6875,1818970000
12/12/2017,6873,6885,6856,6862,6862,1861560000
13/12/2017,6880,6898,6872,6876,6876,1919560000
14/12/2017,6887,6901,6852,6857,6857,1985200000
15/12/2017,6872,6946,6871,6937,6937,3510420000
18/12/2017,6980,7004,6976,6995,6995,2144360000
19/12/2017,6991,6996,6951,6964,6964,2071060000
20/12/2017,6991,6991,6935,6961,6961,1874550000
21/12/2017,6973,6993,6961,6965,6965,1815620000
22/12/2017,6958,6962,6944,6960,6960,1539250000
26/12/2017,6929,6942,6916,6936,6936,1304340000
27/12/2017,6941,6955,6931,6939,6939,1409540000
28/12/2017,6953,6955,6937,6950,6950,1311320000
29/12/2017,6953,6955,6903,6903,6903,1571730000
2/01/2018,6938,7007,6924,7007,7007,1914930000
3/01/2018,7017,7069,7017,7066,7066,2166780000
4/01/2018,7090,7098,7072,7078,7078,2098890000
5/01/2018,7106,7137,7097,7137,7137,2020900000
8/01/2018,7135,7161,7124,7157,7157,2051430000
9/01/2018,7174,7181,7148,7164,7164,2107300000
10/01/2018,7130,7154,7112,7154,7154,2122740000
11/01/2018,7169,7212,7163,7212,7212,2009740000
12/01/2018,7208,7265,7205,7261,7261,1976200000
16/01/2018,7307,7330,7206,7224,7224,2377140000
17/01/2018,7258,7309,7229,7298,7298,2238070000
18/01/2018,7294,7314,7276,7296,7296,2026220000
19/01/2018,7312,7336,7297,7336,7336,1997270000
22/01/2018,7338,7408,7333,7408,7408,2106070000
23/01/2018,7425,7465,7423,7460,7460,2119840000
24/01/2018,7474,7486,7377,7415,7415,2277010000
25/01/2018,7458,7459,7389,7411,7411,2061450000
26/01/2018,7448,7506,7431,7506,7506,2059010000
29/01/2018,7484,7501,7456,7467,7467,2103380000
30/01/2018,7389,7434,7374,7402,7402,2163980000
31/01/2018,7443,7454,7381,7411,7411,2407540000
1/02/2018,7377,7441,7362,7386,7386,2291680000
2/02/2018,7348,7364,7238,7241,7241,2587770000
5/02/2018,7166,7277,6968,6968,6968,3106870000
6/02/2018,6838,7127,6825,7116,7116,3131030000
7/02/2018,7086,7170,7052,7052,7052,2366970000
8/02/2018,7067,7074,6777,6777,6777,2707700000
9/02/2018,6863,6917,6631,6874,6874,3155990000
12/02/2018,6937,7024,6880,6982,6982,2240420000
13/02/2018,6942,7026,6938,7014,7014,1816670000
14/02/2018,6979,7152,6977,7144,7144,2211460000
15/02/2018,7201,7257,7130,7256,7256,2110700000
16/02/2018,7237,7303,7226,7239,7239,2019830000
20/02/2018,7209,7296,7206,7234,7234,1911170000
21/02/2018,7258,7339,7218,7218,7218,1946010000
22/02/2018,7252,7281,7195,7210,7210,1911900000
23/02/2018,7261,7338,7233,7337,7337,1879460000
26/02/2018,7373,7422,7360,7421,7421,1866610000
27/02/2018,7416,7438,7330,7330,7330,2155850000
28/02/2018,7371,7387,7273,7273,7273,2373880000
1/03/2018,7275,7308,7118,7181,7181,2489040000
2/03/2018,7100,7267,7085,7258,7258,2287320000
5/03/2018,7223,7350,7205,7331,7331,2066350000
6/03/2018,7367,7378,7320,7372,7372,2112570000
7/03/2018,7312,7404,7312,7397,7397,2192230000
8/03/2018,7423,7435,7392,7428,7428,2272110000
9/03/2018,7476,7561,7469,7561,7561,2302930000
12/03/2018,7581,7609,7563,7588,7588,2294440000
13/03/2018,7628,7637,7493,7511,7511,2448830000
14/03/2018,7540,7545,7474,7497,7497,2104450000
15/03/2018,7509,7525,7463,7482,7482,1991570000
16/03/2018,7504,7514,7474,7482,7482,3046990000
19/03/2018,7419,7421,7285,7344,7344,2327430000
20/03/2018,7353,7381,7331,7364,7364,1967690000
21/03/2018,7348,7416,7325,7345,7345,1988390000
22/03/2018,7258,7303,7164,7167,7167,2347160000
23/03/2018,7171,7194,6993,6993,6993,2390410000
26/03/2018,7125,7226,7022,7221,7221,2326060000
27/03/2018,7255,7256,6964,7009,7009,2325990000
28/03/2018,6978,7036,6901,6949,6949,2518670000
29/03/2018,6985,7120,6936,7063,7063,2554500000
2/04/2018,7016,7045,6806,6870,6870,2394730000
3/04/2018,6924,6964,6835,6941,6941,2328510000
4/04/2018,6812,7059,6812,7042,7042,2254070000
5/04/2018,7099,7112,7037,7077,7077,2124660000
6/04/2018,7000,7067,6878,6915,6915,2350540000
9/04/2018,6971,7075,6945,6950,6950,2080900000
10/04/2018,7061,7118,7015,7094,7094,2238770000
11/04/2018,7055,7129,7055,7069,7069,1852120000
12/04/2018,7112,7166,7105,7140,7140,2021110000
13/04/2018,7180,7184,7078,7107,7107,1743640000
16/04/2018,7154,7179,7116,7156,7156,1795950000
17/04/2018,7215,7299,7207,7281,7281,1913230000
18/04/2018,7292,7320,7260,7295,7295,1893220000
19/04/2018,7259,7277,7215,7238,7238,1963950000
20/04/2018,7221,7223,7123,7146,7146,1921790000
23/04/2018,7174,7196,7094,7129,7129,1737370000
24/04/2018,7161,7172,6962,7007,7007,2149250000
25/04/2018,7010,7031,6927,7004,7004,2026690000
26/04/2018,7080,7144,7056,7119,7119,2127140000
27/04/2018,7196,7197,7084,7120,7120,2027530000
30/04/2018,7134,7170,7065,7066,7066,1987020000
1/05/2018,7054,7133,7036,7131,7131,1929110000
2/05/2018,7138,7169,7095,7101,7101,2144200000
3/05/2018,7065,7113,6991,7088,7088,2345740000
4/05/2018,7066,7228,7058,7210,7210,2022230000
7/05/2018,7242,7292,7236,7265,7265,1939980000
8/05/2018,7255,7279,7225,7267,7267,2054830000
9/05/2018,7282,7345,7259,7340,7340,2241480000
10/05/2018,7356,7414,7354,7405,7405,2233460000
11/05/2018,7394,7418,7372,7403,7403,2083030000
14/05/2018,7429,7458,7402,7411,7411,2075670000
15/05/2018,7361,7364,7321,7352,7352,2114040000
16/05/2018,7356,7413,7356,7398,7398,2083660000
17/05/2018,7380,7425,7350,7382,7382,1931700000
18/05/2018,7364,7381,7344,7354,7354,1966710000
21/05/2018,7406,7432,7368,7394,7394,1949100000
22/05/2018,7421,7433,7370,7378,7378,1908280000
23/05/2018,7335,7427,7335,7426,7426,1980450000
24/05/2018,7422,7435,7358,7424,7424,1992460000
25/05/2018,7422,7453,7416,7434,7434,1757660000
29/05/2018,7399,7435,7354,7397,7397,2087370000
30/05/2018,7428,7474,7424,7462,7462,2049450000
31/05/2018,7456,7492,7431,7442,7442,2514610000
1/06/2018,7488,7557,7487,7554,7554,2208600000
4/06/2018,7570,7607,7561,7606,7606,2142790000
5/06/2018,7621,7644,7602,7638,7638,2058630000
6/06/2018,7653,7692,7622,7689,7689,2191750000
7/06/2018,7697,7697,7598,7635,7635,2328280000
8/06/2018,7608,7654,7595,7646,7646,1941580000
11/06/2018,7647,7677,7643,7660,7660,1942940000
12/06/2018,7674,7708,7670,7704,7704,2006760000
13/06/2018,7714,7749,7687,7696,7696,2172770000
14/06/2018,7724,7769,7724,7761,7761,2188230000
15/06/2018,7725,7756,7704,7746,7746,3043790000
18/06/2018,7693,7749,7677,7747,7747,2093950000
19/06/2018,7658,7727,7636,7726,7726,2269000000
20/06/2018,7764,7807,7755,7782,7782,2305100000
21/06/2018,7800,7803,7699,7713,7713,2315880000
22/06/2018,7740,7740,7679,7693,7693,3928340000
25/06/2018,7631,7640,7478,7532,7532,2415090000
26/06/2018,7554,7597,7527,7562,7562,2058640000
27/06/2018,7586,7611,7444,7445,7445,2306430000
28/06/2018,7438,7526,7420,7504,7504,2195400000
29/06/2018,7544,7574,7503,7510,7510,2192010000
2/07/2018,7452,7568,7443,7568,7568,1767910000
3/07/2018,7594,7594,7499,7503,7503,1179310000
5/07/2018,7551,7589,7511,7586,7586,1745030000
6/07/2018,7596,7696,7589,7688,7688,1704580000
9/07/2018,7732,7757,7702,7756,7756,1837330000
10/07/2018,7771,7777,7732,7759,7759,1725210000
11/07/2018,7699,7748,7697,7717,7717,1761420000
12/07/2018,7753,7826,7747,7824,7824,1926110000
13/07/2018,7828,7844,7803,7826,7826,1714140000
16/07/2018,7832,7839,7792,7806,7806,1730190000
17/07/2018,7752,7867,7750,7855,7855,1740680000
18/07/2018,7859,7864,7823,7854,7854,1857670000
19/07/2018,7830,7850,7811,7825,7825,1853030000
20/07/2018,7843,7860,7816,7820,7820,1786250000
23/07/2018,7807,7847,7777,7842,7842,1654290000
24/07/2018,7914,7929,7814,7841,7841,2014850000
25/07/2018,7839,7933,7839,7932,7932,1902790000
26/07/2018,7848,7881,7834,7852,7852,2263070000
27/07/2018,7890,7890,7699,7737,7737,2176170000
30/07/2018,7735,7740,7604,7630,7630,2143410000
31/07/2018,7655,7709,7615,7672,7672,2195050000
1/08/2018,7702,7733,7671,7707,7707,2223550000
2/08/2018,7660,7809,7660,7803,7803,2081300000
3/08/2018,7819,7824,7783,7812,7812,2018700000
6/08/2018,7810,7860,7802,7860,7860,2238170000
7/08/2018,7879,7898,7869,7884,7884,2197590000
8/08/2018,7880,7902,7864,7888,7888,2087850000
9/08/2018,7887,7923,7881,7892,7892,2032950000
10/08/2018,7835,7866,7818,7839,7839,2095180000
13/08/2018,7848,7889,7814,7820,7820,1914240000
14/08/2018,7848,7878,7816,7871,7871,1917360000
15/08/2018,7810,7833,7733,7774,7774,2286960000
16/08/2018,7827,7850,7796,7807,7807,1979540000
17/08/2018,7787,7831,7753,7816,7816,1843150000
20/08/2018,7834,7837,7788,7821,7821,1698970000
21/08/2018,7840,7898,7837,7859,7859,1766630000
22/08/2018,7844,7898,7841,7889,7889,1660460000
23/08/2018,7886,7926,7867,7878,7878,1879890000
24/08/2018,7908,7950,7907,7946,7946,1886600000
27/08/2018,7990,8025,7977,8018,8018,2319130000
28/08/2018,8039,8046,8010,8030,8030,1961300000
29/08/2018,8044,8114,8042,8110,8110,1897000000
30/08/2018,8094,8133,8070,8088,8088,2014450000
31/08/2018,8079,8120,8079,8110,8110,1899910000
4/09/2018,8088,8104,8042,8091,8091,2229520000
5/09/2018,8074,8078,7962,7995,7995,2596780000
6/09/2018,7998,8002,7885,7923,7923,2368680000
7/09/2018,7879,7963,7874,7903,7903,2146380000
10/09/2018,7940,7945,7890,7924,7924,2041450000
11/09/2018,7895,7986,7881,7972,7972,2336600000
12/09/2018,7959,7965,7884,7954,7954,2341850000
13/09/2018,8000,8038,7990,8014,8014,2318720000
14/09/2018,8026,8041,7980,8010,8010,2033720000
17/09/2018,7992,8003,7890,7896,7896,2284140000
18/09/2018,7904,7986,7901,7956,7956,2317990000
19/09/2018,7963,7976,7918,7950,7950,2156730000
20/09/2018,7994,8039,7986,8028,8028,2287150000
21/09/2018,8042,8057,7980,7987,7987,3706820000
24/09/2018,7939,7998,7912,7993,7993,2416380000
25/09/2018,8002,8014,7979,8007,8007,2288140000
26/09/2018,8012,8067,7983,7990,7990,2297030000
27/09/2018,8021,8072,8018,8042,8042,2053770000
28/09/2018,8025,8065,8016,8046,8046,2323940000
1/10/2018,8092,8107,8020,8037,8037,2283230000
2/10/2018,8024,8054,7984,8000,8000,2391370000
3/10/2018,8035,8054,8012,8025,8025,3057330000
4/10/2018,7993,7997,7833,7880,7880,3284550000
5/10/2018,7875,7903,7716,7788,7788,2672900000
8/10/2018,7747,7797,7655,7736,7736,2239640000
9/10/2018,7729,7800,7719,7738,7738,2459040000
10/10/2018,7694,7701,7421,7422,7422,3077330000
11/10/2018,7388,7493,7274,7329,7329,3139290000
12/10/2018,7508,7517,7368,7497,7497,2650290000
15/10/2018,7473,7501,7400,7431,7431,2148850000
16/10/2018,7502,7658,7493,7645,7645,2623300000
17/10/2018,7669,7670,7563,7643,7643,2364720000
18/10/2018,7616,7617,7452,7485,7485,2545950000
19/10/2018,7530,7583,7428,7449,7449,2532220000
22/10/2018,7487,7521,7425,7469,7469,2282400000
23/10/2018,7329,7473,7260,7438,7438,2735820000
24/10/2018,7423,7436,7099,7108,7108,2935550000
25/10/2018,7197,7365,7179,7318,7318,2741810000
26/10/2018,7125,7283,7057,7167,7167,2964780000
29/10/2018,7272,7296,6923,7050,7050,2689550000
30/10/2018,7018,7167,7001,7162,7162,2681310000
31/10/2018,7277,7368,7271,7306,7306,2899730000
1/11/2018,7328,7436,7287,7434,7434,2708880000
2/11/2018,7424,7467,7299,7357,7357,2889910000
5/11/2018,7344,7349,7256,7329,7329,2166470000
6/11/2018,7326,7401,7321,7376,7376,2285680000
7/11/2018,7446,7573,7436,7571,7571,2677530000
8/11/2018,7544,7567,7500,7531,7531,2462430000
9/11/2018,7469,7474,7349,7407,7407,2418490000
12/11/2018,7364,7371,7194,7201,7201,2289070000
13/11/2018,7231,7319,7183,7201,7201,2343940000
14/11/2018,7265,7286,7101,7136,7136,2540220000
15/11/2018,7113,7274,7072,7259,7259,2508720000
16/11/2018,7194,7275,7172,7248,7248,2438260000
19/11/2018,7217,7224,7011,7028,7028,2354020000
20/11/2018,6867,6995,6831,6909,6909,2664950000
21/11/2018,6986,7030,6952,6972,6972,1858050000
23/11/2018,6920,6988,6919,6939,6939,958950000
26/11/2018,7027,7084,7003,7082,7082,2011180000
27/11/2018,7041,7105,7014,7083,7083,2067360000
28/11/2018,7135,7293,7091,7292,7292,2390260000
29/11/2018,7267,7320,7218,7273,7273,1983460000
30/11/2018,7279,7333,7256,7331,7331,2542820000
3/12/2018,7486,7487,7392,7442,7442,2621020000
4/12/2018,7408,7421,7150,7158,7158,2635810000
6/12/2018,7017,7190,6984,7188,7188,2833870000
7/12/2018,7163,7205,6945,6969,6969,2475160000
10/12/2018,6960,7048,6879,7021,7021,2367560000
11/12/2018,7122,7130,6983,7032,7032,2246060000
12/12/2018,7127,7197,7097,7098,7098,2412300000
13/12/2018,7135,7155,7035,7070,7070,2143520000
14/12/2018,6986,7027,6899,6911,6911,2200510000
17/12/2018,6886,6932,6710,6754,6754,2665240000
18/12/2018,6810,6847,6734,6784,6784,2595400000
19/12/2018,6778,6869,6587,6637,6637,2899950000
20/12/2018,6608,6666,6448,6528,6528,3258090000
21/12/2018,6573,6587,6305,6333,6333,4534120000
24/12/2018,6278,6355,6190,6193,6193,1647270000
26/12/2018,6258,6556,6214,6554,6554,2558940000
27/12/2018,6457,6583,6337,6579,6579,2415870000
28/12/2018,6617,6684,6529,6585,6585,2199090000
31/12/2018,6650,6660,6570,6635,6635,2098560000
2/01/2019,6507,6694,6507,6666,6666,2261800000
3/01/2019,6585,6600,6457,6464,6464,2607290000
4/01/2019,6567,6761,6554,6739,6739,2579550000
7/01/2019,6758,6856,6741,6823,6823,2507550000
8/01/2019,6893,6910,6796,6897,6897,2380290000
9/01/2019,6923,6985,6900,6957,6957,2422590000
10/01/2019,6909,6991,6877,6986,6986,2179080000
11/01/2019,6947,6976,6934,6971,6971,2066500000
14/01/2019,6908,6936,6887,6906,6906,1942210000
15/01/2019,6931,7026,6928,7024,7024,2038090000
16/01/2019,7034,7080,7028,7035,7035,2149580000
17/01/2019,7010,7114,7004,7084,7084,2128840000
18/01/2019,7134,7185,7097,7157,7157,2451240000
22/01/2019,7110,7110,6980,7020,7020,2380950000
23/01/2019,7062,7085,6953,7026,7026,2274420000
24/01/2019,7042,7079,7030,7073,7073,2400290000
25/01/2019,7128,7175,7111,7165,7165,2440840000
28/01/2019,7075,7086,7034,7086,7086,2435480000
29/01/2019,7087,7092,7011,7028,7028,2089690000
30/01/2019,7095,7201,7066,7183,7183,2544050000
31/01/2019,7208,7303,7206,7282,7282,2918710000
1/02/2019,7256,7300,7243,7264,7264,2383430000
4/02/2019,7266,7348,7261,7348,7348,2099470000
5/02/2019,7356,7409,7355,7402,7402,2265520000
6/02/2019,7400,7411,7347,7375,7375,2167130000
7/02/2019,7317,7337,7235,7288,7288,2295080000
8/02/2019,7232,7299,7225,7298,7298,2086260000
11/02/2019,7327,7344,7290,7308,7308,1897800000
12/02/2019,7359,7419,7350,7415,7415,2124330000
13/02/2019,7437,7462,7414,7420,7420,2093800000
14/02/2019,7390,7454,7376,7427,7427,2103370000
15/02/2019,7469,7477,7440,7472,7472,2257750000
19/02/2019,7451,7508,7450,7487,7487,2120790000
20/02/2019,7490,7514,7455,7489,7489,2181760000
21/02/2019,7475,7486,7431,7460,7460,2119080000
22/02/2019,7482,7528,7479,7528,7528,2417680000
25/02/2019,7585,7603,7552,7554,7554,2363140000
26/02/2019,7535,7573,7524,7549,7549,2257710000
27/02/2019,7526,7562,7485,7555,7555,2423360000
28/02/2019,7533,7562,7516,7533,7533,2647080000
1/03/2019,7587,7603,7541,7595,7595,2463190000
4/03/2019,7637,7644,7502,7578,7578,2569590000
5/03/2019,7582,7599,7544,7576,7576,2142610000
6/03/2019,7575,7579,7500,7506,7506,2242810000
7/03/2019,7484,7489,7397,7421,7421,2440840000
8/03/2019,7334,7412,7333,7408,7408,2245430000
11/03/2019,7443,7558,7442,7558,7558,2226950000
12/03/2019,7572,7611,7560,7591,7591,2161400000
13/03/2019,7621,7677,7619,7643,7643,2366350000
14/03/2019,7645,7653,7627,7631,7631,2176510000
15/03/2019,7658,7715,7652,7689,7689,3447190000
18/03/2019,7696,7738,7678,7714,7714,2274490000
19/03/2019,7747,7768,7699,7724,7724,2433160000
20/03/2019,7722,7779,7674,7729,7729,2424400000
21/03/2019,7705,7850,7705,7839,7839,2483580000
22/03/2019,7800,7818,7643,7643,7643,2490730000
25/03/2019,7619,7662,7579,7638,7638,2130230000
26/03/2019,7700,7738,7649,7692,7692,2068900000
27/03/2019,7702,7713,7582,7643,7643,2221650000
28/03/2019,7660,7689,7620,7669,7669,1902060000
29/03/2019,7727,7734,7689,7729,7729,2233470000
1/04/2019,7800,7831,7777,7829,7829,2198050000
2/04/2019,7825,7855,7811,7849,7849,2110100000
3/04/2019,7891,7938,7871,7896,7896,2487210000
4/04/2019,7894,7918,7845,7892,7892,2094200000
5/04/2019,7915,7940,7909,7939,7939,2148730000
8/04/2019,7925,7956,7892,7954,7954,2069190000
9/04/2019,7925,7946,7898,7909,7909,2067570000
10/04/2019,7923,7965,7917,7964,7964,1998280000
11/04/2019,7975,7975,7933,7947,7947,1956840000
12/04/2019,7984,7992,7953,7984,7984,1955290000
15/04/2019,7987,7993,7934,7976,7976,1816920000
16/04/2019,8001,8018,7979,8000,8000,2095330000
17/04/2019,8045,8052,7973,7996,7996,2290690000
18/04/2019,7998,8002,7951,7998,7998,2089360000
22/04/2019,7969,8017,7966,8015,8015,1776060000
23/04/2019,8027,8129,8024,8121,8121,2075070000
24/04/2019,8123,8140,8102,8102,8102,2022490000
25/04/2019,8151,8152,8075,8119,8119,2063270000
26/04/2019,8100,8146,8061,8146,8146,1971270000
29/04/2019,8148,8176,8136,8162,8162,1761110000
30/04/2019,8105,8125,8051,8095,8095,2115770000
1/05/2019,8133,8146,8048,8050,8050,2247420000
2/05/2019,8046,8094,7977,8037,8037,2158600000
3/05/2019,8093,8165,8085,8164,8164,2046040000
6/05/2019,7982,8136,7982,8123,8123,1966120000
7/05/2019,8044,8071,7899,7964,7964,2376660000
8/05/2019,7946,8004,7923,7943,7943,2175100000
